lot,wafer,die_x,die_y,zone,pattern,temp_C,area_cm2,tox_nm,Vbd_V,Eox_MVcm,note
L1,W4,20,19,CENTER,FLAT,85,0.04,10.0,2.6540727773829484,2.6540727773829484,
L1,W1,9,25,EDGE,FLAT,85,0.04,10.0,2.462820588559372,2.462820588559372,
L1,W1,3,3,EDGE,FLAT,85,0.04,10.0,2.458887499135484,2.458887499135484,
L1,W7,19,21,EDGE,FLAT,85,0.04,10.0,2.51011530959156,2.5101153095915603,
L1,W4,20,4,CENTER,FLAT,85,0.04,10.0,2.622219259524265,2.622219259524265,
L1,W7,3,22,MIDDLE,FLAT,85,0.04,10.0,2.550571302778033,2.550571302778033,
L1,W5,8,12,MIDDLE,FLAT,85,0.04,10.0,2.616448029521849,2.616448029521849,
L1,W4,7,0,EDGE,FLAT,85,0.04,10.0,2.542839699128326,2.542839699128326,
L1,W4,19,28,MIDDLE,FLAT,85,0.04,10.0,2.592091003344503,2.592091003344503,
L1,W6,21,4,EDGE,FLAT,85,0.04,10.0,2.527705825066205,2.527705825066205,
L1,W6,21,17,MIDDLE,FLAT,85,0.04,10.0,1.8145346503140318,1.8145346503140318,edge_thinning
L1,W1,28,5,MIDDLE,FLAT,85,0.04,10.0,2.539741915556698,2.539741915556698,
L1,W1,23,27,MIDDLE,FLAT,85,0.04,10.0,2.449823885396674,2.449823885396674,
L1,W4,9,22,CENTER,FLAT,85,0.04,10.0,2.660212718075857,2.660212718075857,
L1,W4,3,24,EDGE,FLAT,85,0.04,10.0,2.477115028452159,2.477115028452159,
L1,W6,18,12,MIDDLE,FLAT,85,0.04,10.0,2.5553940222171514,2.5553940222171514,
L1,W5,27,14,EDGE,FLAT,85,0.04,10.0,2.5654775342430263,2.5654775342430263,
L1,W4,29,19,MIDDLE,FLAT,85,0.04,10.0,2.469887022947053,2.469887022947053,
L1,W6,6,23,EDGE,FLAT,85,0.04,10.0,2.437417639294693,2.437417639294693,
L1,W5,7,25,EDGE,FLAT,85,0.04,10.0,2.419936103144057,2.419936103144057,
L1,W5,1,0,EDGE,FLAT,85,0.04,10.0,2.460293185498729,2.460293185498729,
L1,W4,4,19,CENTER,FLAT,85,0.04,10.0,2.6019818303008493,2.6019818303008493,
L1,W5,16,3,MIDDLE,FLAT,85,0.04,10.0,2.576209392140638,2.576209392140638,
L1,W7,16,8,CENTER,FLAT,85,0.04,10.0,2.593813708966428,2.593813708966428,
L1,W5,11,24,CENTER,FLAT,85,0.04,10.0,2.509361705805381,2.509361705805381,
L1,W4,9,7,MIDDLE,FLAT,85,0.04,10.0,2.434494828168368,2.434494828168368,
L1,W5,24,23,EDGE,FLAT,85,0.04,10.0,2.502717679269519,2.502717679269519,
L1,W6,13,13,EDGE,FLAT,85,0.04,10.0,2.4764111983180834,2.476411198318084,
L1,W4,24,6,MIDDLE,FLAT,85,0.04,10.0,2.5729692885858304,2.5729692885858304,
L1,W6,28,10,MIDDLE,FLAT,85,0.04,10.0,2.585097681311064,2.585097681311064,
L1,W5,9,15,MIDDLE,FLAT,85,0.04,10.0,2.556912071602934,2.556912071602934,
L1,W7,6,22,CENTER,FLAT,85,0.04,10.0,2.6180066542687923,2.6180066542687923,
L1,W1,28,18,CENTER,FLAT,85,0.04,10.0,2.5914605687057533,2.5914605687057533,
L1,W4,19,27,MIDDLE,FLAT,85,0.04,10.0,2.576503235280073,2.576503235280073,
L1,W1,8,26,MIDDLE,FLAT,85,0.04,10.0,2.5147663368565056,2.5147663368565056,
L1,W7,18,22,MIDDLE,FLAT,85,0.04,10.0,2.541019429308427,2.541019429308427,
L1,W4,15,18,MIDDLE,FLAT,85,0.04,10.0,1.2847548028217244,1.2847548028217244,pinhole
L1,W7,27,8,EDGE,FLAT,85,0.04,10.0,2.541026423770871,2.541026423770871,
L1,W5,7,12,EDGE,FLAT,85,0.04,10.0,2.4803129413887715,2.4803129413887715,
L1,W4,29,3,MIDDLE,FLAT,85,0.04,10.0,2.5760583627866054,2.5760583627866054,
L1,W4,28,11,EDGE,FLAT,85,0.04,10.0,2.486708060404231,2.486708060404231,
L1,W1,5,27,EDGE,FLAT,85,0.04,10.0,2.4941228916335936,2.4941228916335936,
L1,W7,4,12,MIDDLE,FLAT,85,0.04,10.0,2.591475952101204,2.591475952101204,
L1,W4,15,3,MIDDLE,FLAT,85,0.04,10.0,2.450346981447292,2.450346981447292,
L1,W4,1,19,MIDDLE,FLAT,85,0.04,10.0,2.485176383596262,2.485176383596262,
L1,W6,8,28,CENTER,FLAT,85,0.04,10.0,2.5058907301278586,2.5058907301278586,
L1,W7,13,26,CENTER,FLAT,85,0.04,10.0,2.4633191940075845,2.463319194007584,
L1,W4,29,8,CENTER,FLAT,85,0.04,10.0,2.5460867779922407,2.5460867779922407,
L1,W4,29,13,EDGE,FLAT,85,0.04,10.0,2.537471694986387,2.537471694986387,
L1,W7,4,15,MIDDLE,FLAT,85,0.04,10.0,2.535755796680871,2.535755796680871,
L1,W4,26,7,EDGE,FLAT,85,0.04,10.0,2.5098895040970928,2.5098895040970928,
L1,W1,2,8,EDGE,FLAT,85,0.04,10.0,2.55446087483554,2.55446087483554,
L1,W5,22,7,MIDDLE,FLAT,85,0.04,10.0,2.6163843066133845,2.6163843066133845,
L1,W6,25,29,MIDDLE,FLAT,85,0.04,10.0,2.546543103263693,2.546543103263693,
L1,W7,26,22,CENTER,FLAT,85,0.04,10.0,2.6476792944784693,2.6476792944784693,
L1,W1,6,25,CENTER,FLAT,85,0.04,10.0,2.5846063329217053,2.5846063329217053,
L1,W6,26,24,MIDDLE,FLAT,85,0.04,10.0,2.508130088808626,2.508130088808626,
L1,W4,3,28,MIDDLE,FLAT,85,0.04,10.0,2.520279982390063,2.5202799823900635,
L1,W4,15,3,MIDDLE,FLAT,85,0.04,10.0,2.475973174371749,2.475973174371749,
L1,W4,14,26,EDGE,FLAT,85,0.04,10.0,2.4555933073133174,2.4555933073133174,
L1,W1,9,1,MIDDLE,FLAT,85,0.04,10.0,2.5320991655962786,2.5320991655962786,
L1,W1,0,14,MIDDLE,FLAT,85,0.04,10.0,2.59017925096893,2.59017925096893,
L1,W1,23,17,MIDDLE,FLAT,85,0.04,10.0,2.636038491558299,2.6360384915582995,
L1,W1,10,10,MIDDLE,FLAT,85,0.04,10.0,2.480890924231148,2.480890924231148,
L1,W4,19,4,CENTER,FLAT,85,0.04,10.0,2.599641373412996,2.599641373412996,
L1,W4,12,5,MIDDLE,FLAT,85,0.04,10.0,2.497972803042124,2.497972803042124,
L1,W1,11,24,MIDDLE,FLAT,85,0.04,10.0,2.57373485442316,2.57373485442316,
L1,W4,26,9,MIDDLE,FLAT,85,0.04,10.0,2.5434456674656136,2.5434456674656136,
L1,W7,2,9,EDGE,FLAT,85,0.04,10.0,2.408454708707624,2.408454708707624,
L1,W4,22,27,MIDDLE,FLAT,85,0.04,10.0,2.596414849578424,2.596414849578424,
L1,W1,22,4,CENTER,FLAT,85,0.04,10.0,2.549749964359563,2.549749964359563,
L1,W4,11,27,MIDDLE,FLAT,85,0.04,10.0,2.523304988081322,2.523304988081322,
L1,W1,7,27,MIDDLE,FLAT,85,0.04,10.0,2.4965123794355155,2.4965123794355155,
L1,W7,0,17,MIDDLE,FLAT,85,0.04,10.0,2.517285836165622,2.517285836165622,
L1,W1,28,4,MIDDLE,FLAT,85,0.04,10.0,2.571394522034746,2.571394522034746,
L1,W1,28,4,EDGE,FLAT,85,0.04,10.0,2.49053778295318,2.49053778295318,
L1,W1,7,8,MIDDLE,FLAT,85,0.04,10.0,2.566433100114124,2.566433100114124,
L1,W6,0,17,MIDDLE,FLAT,85,0.04,10.0,2.568096092696442,2.568096092696442,
L1,W7,3,4,EDGE,FLAT,85,0.04,10.0,2.5660330827764084,2.5660330827764084,
L1,W5,2,13,CENTER,FLAT,85,0.04,10.0,2.5628606924567805,2.5628606924567805,
L1,W4,24,3,CENTER,FLAT,85,0.04,10.0,2.506157109157713,2.506157109157713,
L1,W4,26,16,CENTER,FLAT,85,0.04,10.0,2.633361120828599,2.633361120828599,
L1,W7,4,0,EDGE,FLAT,85,0.04,10.0,2.4834255913951373,2.4834255913951373,
L1,W1,22,21,MIDDLE,FLAT,85,0.04,10.0,2.6057296222288686,2.6057296222288686,
L1,W7,5,1,CENTER,FLAT,85,0.04,10.0,2.599168855659124,2.599168855659124,
L1,W1,11,5,MIDDLE,FLAT,85,0.04,10.0,2.5434431234898325,2.5434431234898325,
L1,W1,17,5,CENTER,FLAT,85,0.04,10.0,2.5974387947023145,2.5974387947023145,
L1,W1,21,24,MIDDLE,FLAT,85,0.04,10.0,2.647550628006315,2.647550628006315,
L1,W6,26,1,MIDDLE,FLAT,85,0.04,10.0,2.653849026452688,2.653849026452688,
L1,W7,1,12,MIDDLE,FLAT,85,0.04,10.0,2.5534690567566387,2.5534690567566387,
L1,W4,5,17,MIDDLE,FLAT,85,0.04,10.0,2.5580095296658536,2.5580095296658536,
L1,W1,8,15,MIDDLE,FLAT,85,0.04,10.0,2.603812007873319,2.603812007873319,
L1,W1,9,20,MIDDLE,FLAT,85,0.04,10.0,2.5077169483616326,2.5077169483616326,
L1,W4,29,24,CENTER,FLAT,85,0.04,10.0,2.5966535186309123,2.5966535186309123,
L1,W4,23,11,CENTER,FLAT,85,0.04,10.0,2.578706857602307,2.578706857602307,
L1,W6,9,24,EDGE,FLAT,85,0.04,10.0,2.515695410572877,2.515695410572877,
L1,W6,29,9,EDGE,FLAT,85,0.04,10.0,2.45833155970253,2.45833155970253,
L1,W1,14,29,MIDDLE,FLAT,85,0.04,10.0,2.4705216253345514,2.4705216253345514,
L1,W4,15,15,MIDDLE,FLAT,85,0.04,10.0,2.446350828200435,2.446350828200435,
L1,W1,13,22,EDGE,FLAT,85,0.04,10.0,2.4441307943505195,2.4441307943505195,
L1,W4,4,26,EDGE,FLAT,85,0.04,10.0,2.4770662357530333,2.4770662357530333,
L1,W4,28,23,EDGE,FLAT,85,0.04,10.0,2.485340420667562,2.485340420667562,
L1,W4,0,25,MIDDLE,FLAT,85,0.04,10.0,2.646861558121476,2.646861558121476,
L1,W4,5,16,MIDDLE,FLAT,85,0.04,10.0,2.605299668495365,2.605299668495365,
L1,W4,6,1,CENTER,FLAT,85,0.04,10.0,2.5318954441829185,2.5318954441829185,
L1,W7,8,14,EDGE,FLAT,85,0.04,10.0,2.517385422622548,2.517385422622548,
L1,W7,3,5,MIDDLE,FLAT,85,0.04,10.0,2.529646088182484,2.529646088182484,
L1,W1,0,26,MIDDLE,FLAT,85,0.04,10.0,2.5357818080979952,2.5357818080979952,
L1,W7,20,7,MIDDLE,FLAT,85,0.04,10.0,2.559266282470769,2.559266282470769,
L1,W4,29,6,MIDDLE,FLAT,85,0.04,10.0,2.580958555848769,2.580958555848769,
L1,W4,3,7,CENTER,FLAT,85,0.04,10.0,2.563037075805799,2.563037075805799,
L1,W6,8,19,EDGE,FLAT,85,0.04,10.0,2.553192576636718,2.553192576636718,
L1,W4,15,17,EDGE,FLAT,85,0.04,10.0,2.44290308869288,2.44290308869288,
L1,W1,27,28,EDGE,FLAT,85,0.04,10.0,2.500316953118113,2.500316953118113,
L1,W1,20,12,MIDDLE,FLAT,85,0.04,10.0,2.6798836863297915,2.6798836863297915,
L1,W7,22,8,MIDDLE,FLAT,85,0.04,10.0,2.5611539871312634,2.5611539871312634,
L1,W1,17,1,MIDDLE,FLAT,85,0.04,10.0,2.6216607253303086,2.6216607253303086,
L1,W7,12,0,MIDDLE,FLAT,85,0.04,10.0,2.5545760089086604,2.5545760089086604,
L1,W1,5,11,CENTER,FLAT,85,0.04,10.0,2.6090388547664896,2.6090388547664896,
L1,W7,25,27,MIDDLE,FLAT,85,0.04,10.0,2.547160840280365,2.547160840280365,
L1,W1,24,15,CENTER,FLAT,85,0.04,10.0,2.5714796209417896,2.5714796209417896,
L1,W4,0,26,MIDDLE,FLAT,85,0.04,10.0,2.0752726294326336,2.0752726294326336,edge_thinning
L1,W4,21,3,MIDDLE,FLAT,85,0.04,10.0,2.5715150679478773,2.5715150679478773,
L1,W7,2,2,CENTER,FLAT,85,0.04,10.0,2.537423140540711,2.537423140540711,
L1,W5,22,25,CENTER,FLAT,85,0.04,10.0,2.613279261815672,2.613279261815672,
L1,W1,24,3,MIDDLE,FLAT,85,0.04,10.0,2.604264350222296,2.604264350222296,
L1,W7,3,1,CENTER,FLAT,85,0.04,10.0,1.7196522702675467,1.7196522702675467,edge_thinning
L1,W6,13,12,EDGE,FLAT,85,0.04,10.0,2.4856875633222155,2.4856875633222155,
L1,W4,3,27,MIDDLE,FLAT,85,0.04,10.0,2.5726982789654347,2.5726982789654347,
L1,W7,17,20,MIDDLE,FLAT,85,0.04,10.0,2.53456634722268,2.53456634722268,
L1,W5,27,2,MIDDLE,FLAT,85,0.04,10.0,2.596777356273257,2.596777356273257,
L1,W7,2,25,CENTER,FLAT,85,0.04,10.0,2.488429695789244,2.488429695789244,
L1,W1,11,25,EDGE,FLAT,85,0.04,10.0,2.483219631594068,2.483219631594068,
L1,W7,29,24,MIDDLE,FLAT,85,0.04,10.0,2.4504594002438,2.4504594002438,
L1,W7,9,27,EDGE,FLAT,85,0.04,10.0,2.42524695848864,2.42524695848864,
L1,W4,3,7,CENTER,FLAT,85,0.04,10.0,2.648193111490695,2.6481931114906945,
L1,W6,14,29,MIDDLE,FLAT,85,0.04,10.0,2.594759249098584,2.594759249098584,
L1,W7,15,9,MIDDLE,FLAT,85,0.04,10.0,2.5140259883357605,2.5140259883357605,
L1,W5,19,24,EDGE,FLAT,85,0.04,10.0,2.424874827197955,2.424874827197955,
L1,W4,9,17,MIDDLE,FLAT,85,0.04,10.0,2.401773558107917,2.401773558107917,
L1,W5,28,23,MIDDLE,FLAT,85,0.04,10.0,2.522825224603368,2.522825224603368,
L1,W5,15,18,MIDDLE,FLAT,85,0.04,10.0,2.67102075061237,2.67102075061237,
L1,W6,8,19,MIDDLE,FLAT,85,0.04,10.0,2.571744213573182,2.571744213573182,
L1,W1,28,18,MIDDLE,FLAT,85,0.04,10.0,2.522021385697525,2.522021385697525,
L1,W6,27,23,MIDDLE,FLAT,85,0.04,10.0,2.573254010475015,2.573254010475015,
L1,W1,14,22,CENTER,FLAT,85,0.04,10.0,2.501952082350277,2.501952082350277,
L1,W1,0,4,EDGE,FLAT,85,0.04,10.0,2.4851338318651184,2.4851338318651184,
L1,W4,17,24,EDGE,FLAT,85,0.04,10.0,2.504973873650787,2.504973873650787,
L1,W4,16,16,CENTER,FLAT,85,0.04,10.0,2.575694967408947,2.575694967408947,
L1,W7,4,9,MIDDLE,FLAT,85,0.04,10.0,2.589540306084504,2.589540306084504,
L1,W4,0,21,CENTER,COMB,85,0.04,10.0,2.53892319421346,2.53892319421346,
L1,W4,3,17,EDGE,COMB,85,0.04,10.0,1.731895590255129,1.7318955902551292,edge_thinning
L1,W3,8,13,EDGE,COMB,85,0.04,10.0,2.469317660410235,2.469317660410235,
L1,W6,1,11,MIDDLE,COMB,85,0.04,10.0,2.5550831824044784,2.5550831824044784,
L1,W2,15,3,EDGE,COMB,85,0.04,10.0,2.418246094297968,2.418246094297968,
L1,W6,23,8,EDGE,COMB,85,0.04,10.0,2.469395767460586,2.469395767460586,
L1,W6,28,16,CENTER,COMB,85,0.04,10.0,2.539465499281842,2.539465499281842,
L1,W6,14,26,MIDDLE,COMB,85,0.04,10.0,2.4592054537947936,2.4592054537947936,
L1,W3,26,25,MIDDLE,COMB,85,0.04,10.0,2.4418261026065657,2.4418261026065657,
L1,W3,29,5,CENTER,COMB,85,0.04,10.0,2.584287451763733,2.584287451763733,
L1,W6,25,20,EDGE,COMB,85,0.04,10.0,2.452452380889101,2.452452380889101,
L1,W2,13,2,MIDDLE,COMB,85,0.04,10.0,2.468885985917633,2.468885985917634,
L1,W3,9,20,MIDDLE,COMB,85,0.04,10.0,2.515191053153833,2.515191053153833,
L1,W6,29,10,CENTER,COMB,85,0.04,10.0,2.606400942867465,2.606400942867465,
L1,W3,7,13,CENTER,COMB,85,0.04,10.0,2.4359631077314035,2.4359631077314035,
L1,W4,12,21,EDGE,COMB,85,0.04,10.0,2.395168065504834,2.395168065504834,
L1,W6,2,12,CENTER,COMB,85,0.04,10.0,2.503855677905237,2.503855677905237,
L1,W4,23,24,MIDDLE,COMB,85,0.04,10.0,2.5930589433360165,2.5930589433360165,
L1,W4,19,16,MIDDLE,COMB,85,0.04,10.0,2.5341293491459647,2.5341293491459647,
L1,W4,2,29,MIDDLE,COMB,85,0.04,10.0,2.558365862023061,2.558365862023061,
L1,W4,6,19,MIDDLE,COMB,85,0.04,10.0,2.4629919540436886,2.4629919540436886,
L1,W4,16,8,MIDDLE,COMB,85,0.04,10.0,2.4640232062364738,2.4640232062364738,
L1,W2,16,23,CENTER,COMB,85,0.04,10.0,2.5723906858361354,2.5723906858361354,
L1,W4,24,12,MIDDLE,COMB,85,0.04,10.0,2.5229137165467725,2.5229137165467725,
L1,W2,7,16,EDGE,COMB,85,0.04,10.0,2.4974369409432065,2.4974369409432065,
L1,W2,27,4,MIDDLE,COMB,85,0.04,10.0,1.2709857485540075,1.2709857485540075,pinhole
L1,W4,13,3,MIDDLE,COMB,85,0.04,10.0,2.533907186322731,2.533907186322731,
L1,W4,24,17,MIDDLE,COMB,85,0.04,10.0,2.527905954245256,2.527905954245256,
L1,W6,7,5,EDGE,COMB,85,0.04,10.0,2.5088883694542465,2.5088883694542465,
L1,W2,1,29,CENTER,COMB,85,0.04,10.0,2.590350414097224,2.590350414097224,
L1,W4,1,25,MIDDLE,COMB,85,0.04,10.0,2.4390064002804115,2.4390064002804115,
L1,W2,11,21,MIDDLE,COMB,85,0.04,10.0,2.407636572232957,2.4076365722329576,
L1,W6,28,22,MIDDLE,COMB,85,0.04,10.0,2.5700872698825754,2.5700872698825754,
L1,W4,1,17,EDGE,COMB,85,0.04,10.0,2.529386254663097,2.529386254663097,
L1,W4,11,1,MIDDLE,COMB,85,0.04,10.0,2.4689688490243333,2.4689688490243333,
L1,W3,3,11,EDGE,COMB,85,0.04,10.0,2.377008229672718,2.377008229672718,
L1,W3,27,14,EDGE,COMB,85,0.04,10.0,2.47495174105036,2.47495174105036,
L1,W4,20,27,MIDDLE,COMB,85,0.04,10.0,2.5665419113175263,2.5665419113175263,
L1,W6,22,6,EDGE,COMB,85,0.04,10.0,2.559879726121716,2.559879726121716,
L1,W3,21,14,MIDDLE,COMB,85,0.04,10.0,2.5458148786050727,2.5458148786050727,
L1,W4,19,10,EDGE,COMB,85,0.04,10.0,2.4514141651707155,2.4514141651707155,
L1,W4,23,4,MIDDLE,COMB,85,0.04,10.0,2.475343468920757,2.475343468920757,
L1,W6,0,3,MIDDLE,COMB,85,0.04,10.0,2.520572564583533,2.520572564583533,
L1,W2,25,10,MIDDLE,COMB,85,0.04,10.0,2.505036764805737,2.505036764805737,
L1,W4,22,2,CENTER,COMB,85,0.04,10.0,2.499246604713559,2.499246604713559,
L1,W4,22,2,MIDDLE,COMB,85,0.04,10.0,2.622437782543164,2.622437782543164,
L1,W2,11,10,EDGE,COMB,85,0.04,10.0,2.559258420103607,2.559258420103607,
L1,W4,24,6,MIDDLE,COMB,85,0.04,10.0,2.576802434177772,2.576802434177772,
L1,W3,11,16,CENTER,COMB,85,0.04,10.0,2.5039574801095434,2.5039574801095434,
L1,W3,1,0,MIDDLE,COMB,85,0.04,10.0,2.562750966214864,2.562750966214864,
L1,W2,27,9,CENTER,COMB,85,0.04,10.0,2.581981320474895,2.581981320474895,
L1,W2,7,13,CENTER,COMB,85,0.04,10.0,2.5721272812102023,2.5721272812102023,
L1,W4,3,28,EDGE,COMB,85,0.04,10.0,2.532483263352189,2.532483263352189,
L1,W3,18,19,MIDDLE,COMB,85,0.04,10.0,2.551768557143064,2.551768557143064,
L1,W6,7,26,MIDDLE,COMB,85,0.04,10.0,2.557000711815217,2.557000711815217,
L1,W3,25,10,MIDDLE,COMB,85,0.04,10.0,2.5518453141686104,2.5518453141686104,
L1,W3,13,13,CENTER,COMB,85,0.04,10.0,2.567039570400105,2.567039570400105,
L1,W6,0,12,MIDDLE,COMB,85,0.04,10.0,2.4308194435142907,2.4308194435142907,
L1,W4,28,26,EDGE,COMB,85,0.04,10.0,2.474181053870528,2.474181053870528,
L1,W3,15,28,MIDDLE,COMB,85,0.04,10.0,2.492190402057544,2.492190402057544,
L1,W2,7,28,EDGE,COMB,85,0.04,10.0,2.406007952118,2.406007952118,
L1,W4,20,22,MIDDLE,COMB,85,0.04,10.0,2.604090830965041,2.604090830965041,
L1,W6,15,15,MIDDLE,COMB,85,0.04,10.0,2.606449767044285,2.606449767044285,
L1,W4,0,16,EDGE,COMB,85,0.04,10.0,2.537961030014781,2.537961030014781,
L1,W4,22,29,EDGE,COMB,85,0.04,10.0,2.482760670842794,2.482760670842794,
L1,W6,12,8,EDGE,COMB,85,0.04,10.0,2.537531256047633,2.537531256047633,
L1,W3,20,10,EDGE,COMB,85,0.04,10.0,2.470602659030092,2.470602659030092,
L1,W3,26,26,EDGE,COMB,85,0.04,10.0,2.4801398638448893,2.4801398638448893,
L1,W2,18,11,EDGE,COMB,85,0.04,10.0,2.415326431476901,2.415326431476901,
L1,W3,20,7,CENTER,COMB,85,0.04,10.0,2.569849565224942,2.569849565224942,
L1,W4,7,16,EDGE,COMB,85,0.04,10.0,2.473019296421221,2.473019296421221,
L1,W6,7,9,MIDDLE,COMB,85,0.04,10.0,2.454867394158277,2.454867394158277,
L1,W4,12,26,MIDDLE,COMB,85,0.04,10.0,2.51744014440917,2.51744014440917,
L1,W3,25,27,MIDDLE,COMB,85,0.04,10.0,2.51601352180716,2.51601352180716,
L1,W2,15,9,EDGE,COMB,85,0.04,10.0,2.5598780583322323,2.5598780583322323,
L1,W4,10,15,EDGE,COMB,85,0.04,10.0,2.51471066642567,2.51471066642567,
L1,W4,23,29,MIDDLE,COMB,85,0.04,10.0,2.520572271954573,2.520572271954573,
L1,W6,25,22,EDGE,COMB,85,0.04,10.0,2.4824393654900545,2.4824393654900545,
L1,W2,27,6,EDGE,COMB,85,0.04,10.0,2.47221061890521,2.47221061890521,
L1,W6,8,17,MIDDLE,COMB,85,0.04,10.0,1.4421283781855734,1.4421283781855734,pinhole
L1,W2,17,5,MIDDLE,FLAT,100,0.04,10.0,2.48183696762156,2.48183696762156,
L1,W6,11,4,MIDDLE,FLAT,100,0.04,10.0,2.4872695915116987,2.4872695915116987,
L1,W1,3,23,EDGE,FLAT,100,0.04,10.0,2.374633717611348,2.374633717611348,
L1,W6,4,28,CENTER,FLAT,100,0.04,10.0,2.4807420983844586,2.4807420983844586,
L1,W5,27,25,MIDDLE,FLAT,100,0.04,10.0,2.4569579160738213,2.4569579160738213,
L1,W5,0,22,MIDDLE,FLAT,100,0.04,10.0,2.6228712046037947,2.6228712046037947,
L1,W2,9,7,EDGE,FLAT,100,0.04,10.0,2.540087097387357,2.540087097387357,
L1,W2,27,27,MIDDLE,FLAT,100,0.04,10.0,2.479412529115768,2.479412529115768,
L1,W2,18,20,MIDDLE,FLAT,100,0.04,10.0,2.48182083548466,2.48182083548466,
L1,W5,2,5,MIDDLE,FLAT,100,0.04,10.0,2.4425398001405854,2.4425398001405854,
L1,W2,13,3,MIDDLE,FLAT,100,0.04,10.0,2.4045934793387365,2.4045934793387365,
L1,W2,29,26,MIDDLE,FLAT,100,0.04,10.0,2.4941559906795736,2.4941559906795736,
L1,W6,12,8,EDGE,FLAT,100,0.04,10.0,2.4001074008377987,2.4001074008377983,
L1,W1,15,22,MIDDLE,FLAT,100,0.04,10.0,2.4957574734169,2.4957574734169,
L1,W6,15,4,EDGE,FLAT,100,0.04,10.0,2.3699897075478265,2.3699897075478265,
L1,W2,19,8,EDGE,FLAT,100,0.04,10.0,2.411901277084487,2.411901277084487,
L1,W4,5,8,MIDDLE,FLAT,100,0.04,10.0,2.5074313547651417,2.5074313547651417,
L1,W2,25,8,MIDDLE,FLAT,100,0.04,10.0,2.518310479889197,2.518310479889197,
L1,W4,29,20,CENTER,FLAT,100,0.04,10.0,2.5508735979371004,2.5508735979371004,
L1,W2,4,27,EDGE,FLAT,100,0.04,10.0,2.3839755507921483,2.3839755507921483,
L1,W2,24,27,MIDDLE,FLAT,100,0.04,10.0,2.542734286506778,2.542734286506778,
L1,W2,24,22,MIDDLE,FLAT,100,0.04,10.0,2.4599894151699075,2.4599894151699075,
L1,W2,22,6,CENTER,FLAT,100,0.04,10.0,2.561642895730365,2.561642895730365,
L1,W6,11,28,EDGE,FLAT,100,0.04,10.0,2.44946806616909,2.44946806616909,
L1,W1,14,16,MIDDLE,FLAT,100,0.04,10.0,2.4311806250461028,2.4311806250461028,
L1,W2,25,16,MIDDLE,FLAT,100,0.04,10.0,2.4841901147709406,2.4841901147709406,
L1,W4,4,21,CENTER,FLAT,100,0.04,10.0,2.5482681871031883,2.5482681871031887,
L1,W2,24,23,EDGE,FLAT,100,0.04,10.0,2.48064826902373,2.48064826902373,
L1,W2,27,28,CENTER,FLAT,100,0.04,10.0,2.522950605127779,2.522950605127779,
L1,W2,20,17,CENTER,FLAT,100,0.04,10.0,2.6065889445300523,2.6065889445300523,
L1,W2,10,18,EDGE,FLAT,100,0.04,10.0,2.5003755385493283,2.5003755385493283,
L1,W5,16,22,EDGE,FLAT,100,0.04,10.0,2.4371672941800124,2.437167294180013,
L1,W2,1,7,MIDDLE,FLAT,100,0.04,10.0,2.5375060906068474,2.5375060906068474,
L1,W5,27,9,MIDDLE,FLAT,100,0.04,10.0,2.596689674259409,2.596689674259409,
L1,W2,10,18,EDGE,FLAT,100,0.04,10.0,2.548024230039152,2.548024230039152,
L1,W2,1,1,EDGE,FLAT,100,0.04,10.0,2.3886000059588754,2.3886000059588754,
L1,W6,23,9,MIDDLE,FLAT,100,0.04,10.0,2.4536733444421426,2.4536733444421426,
L1,W1,19,21,MIDDLE,FLAT,100,0.04,10.0,2.5742459393366923,2.5742459393366923,
L1,W2,18,29,EDGE,FLAT,100,0.04,10.0,2.3970859474581183,2.397085947458118,
L1,W2,1,15,EDGE,FLAT,100,0.04,10.0,2.383872943335416,2.383872943335416,
L1,W1,22,11,EDGE,FLAT,100,0.04,10.0,2.425690293465048,2.425690293465048,
L1,W6,19,13,MIDDLE,FLAT,100,0.04,10.0,2.5210113354737294,2.5210113354737294,
L1,W1,23,20,CENTER,FLAT,100,0.04,10.0,2.524880164669445,2.524880164669445,
L1,W4,24,16,EDGE,FLAT,100,0.04,10.0,2.4174718189797204,2.4174718189797204,
L1,W1,6,0,EDGE,FLAT,100,0.04,10.0,2.4162893769137748,2.4162893769137748,
L1,W4,6,16,EDGE,FLAT,100,0.04,10.0,2.4143831467793646,2.4143831467793646,
L1,W2,27,12,CENTER,FLAT,100,0.04,10.0,2.486024518567053,2.486024518567053,
L1,W2,15,21,MIDDLE,FLAT,100,0.04,10.0,2.614081643863804,2.614081643863804,
L1,W2,13,26,EDGE,FLAT,100,0.04,10.0,2.464875553559278,2.464875553559278,
L1,W5,8,28,CENTER,FLAT,100,0.04,10.0,2.574337952720237,2.574337952720237,
L1,W1,19,18,EDGE,FLAT,100,0.04,10.0,2.425546126594054,2.425546126594054,
L1,W1,22,10,MIDDLE,FLAT,100,0.04,10.0,2.4907021661406974,2.4907021661406974,
L1,W1,0,13,EDGE,FLAT,100,0.04,10.0,2.4143223009314823,2.4143223009314823,
L1,W5,16,5,EDGE,FLAT,100,0.04,10.0,2.31741458325404,2.31741458325404,
L1,W2,29,28,MIDDLE,FLAT,100,0.04,10.0,2.431099536157607,2.431099536157607,
L1,W5,8,25,MIDDLE,FLAT,100,0.04,10.0,2.4094690660009803,2.4094690660009803,
L1,W4,8,25,MIDDLE,FLAT,100,0.04,10.0,2.38751081110242,2.38751081110242,
L1,W5,26,9,MIDDLE,FLAT,100,0.04,10.0,2.440232051285095,2.440232051285095,
L1,W5,1,9,MIDDLE,FLAT,100,0.04,10.0,2.5662477839690814,2.5662477839690814,
L1,W2,11,25,MIDDLE,FLAT,100,0.04,10.0,2.497778191614782,2.4977781916147825,
L1,W4,13,16,EDGE,FLAT,100,0.04,10.0,2.514528188116059,2.514528188116059,
L1,W4,23,21,MIDDLE,FLAT,100,0.04,10.0,2.520549128845044,2.520549128845044,
L1,W2,3,14,CENTER,FLAT,100,0.04,10.0,2.5691279412857577,2.5691279412857577,
L1,W2,13,13,MIDDLE,FLAT,100,0.04,10.0,2.454955150234772,2.454955150234772,
L1,W5,4,18,MIDDLE,FLAT,100,0.04,10.0,2.526197547709633,2.526197547709633,
L1,W2,23,24,CENTER,FLAT,100,0.04,10.0,2.566435711703717,2.566435711703717,
L1,W2,18,10,CENTER,FLAT,100,0.04,10.0,2.501167635388315,2.501167635388315,
L1,W5,14,24,MIDDLE,FLAT,100,0.04,10.0,2.5279770185308084,2.5279770185308084,
L1,W2,11,7,MIDDLE,FLAT,100,0.04,10.0,2.5283093879287417,2.5283093879287417,
L1,W2,4,12,EDGE,FLAT,100,0.04,10.0,2.422522368943496,2.422522368943496,
L1,W2,27,27,MIDDLE,FLAT,100,0.04,10.0,2.4438615783864504,2.4438615783864504,
L1,W5,19,28,CENTER,FLAT,100,0.04,10.0,2.470793583405086,2.470793583405086,
L1,W2,9,27,EDGE,FLAT,100,0.04,10.0,2.454325277096073,2.454325277096073,
L1,W2,12,9,EDGE,FLAT,100,0.04,10.0,2.466350493439466,2.466350493439466,
L1,W2,21,25,MIDDLE,FLAT,100,0.04,10.0,2.460373708477104,2.460373708477104,
L1,W1,21,28,MIDDLE,FLAT,100,0.04,10.0,2.5013292670663048,2.5013292670663048,
L1,W1,13,29,CENTER,FLAT,100,0.04,10.0,2.558526851806924,2.558526851806924,
L1,W2,9,0,MIDDLE,FLAT,100,0.04,10.0,2.530909535733265,2.530909535733265,
L1,W2,19,22,MIDDLE,FLAT,100,0.04,10.0,2.5775940060061244,2.5775940060061244,
L1,W2,19,29,MIDDLE,FLAT,100,0.04,10.0,2.563849041609902,2.563849041609902,
L1,W6,17,22,CENTER,FLAT,100,0.04,10.0,2.4799354283621726,2.4799354283621726,
L1,W1,2,6,MIDDLE,FLAT,100,0.04,10.0,2.5841793104769013,2.5841793104769013,
L1,W1,14,22,EDGE,FLAT,100,0.04,10.0,2.4234511747722145,2.4234511747722145,
L1,W2,18,3,MIDDLE,FLAT,100,0.04,10.0,2.5522436406227214,2.5522436406227214,
L1,W5,28,14,MIDDLE,FLAT,100,0.04,10.0,2.5033993313025547,2.5033993313025547,
L1,W2,15,18,CENTER,FLAT,100,0.04,10.0,2.509392531077151,2.509392531077151,
L1,W5,10,13,MIDDLE,FLAT,100,0.04,10.0,2.4096151570112534,2.4096151570112534,
L1,W2,16,20,MIDDLE,FLAT,100,0.04,10.0,2.4914217744891825,2.4914217744891825,
L1,W4,5,7,EDGE,FLAT,100,0.04,10.0,2.3720308382347195,2.3720308382347195,
L1,W5,2,18,EDGE,FLAT,100,0.04,10.0,2.498364961792139,2.498364961792139,
L1,W1,20,19,EDGE,FLAT,100,0.04,10.0,2.525839632856963,2.525839632856963,
L1,W2,29,19,EDGE,FLAT,100,0.04,10.0,2.410154450535165,2.410154450535165,
L1,W2,25,8,EDGE,FLAT,100,0.04,10.0,2.465098537125964,2.465098537125964,
L1,W2,17,9,EDGE,FLAT,100,0.04,10.0,2.4137304238996014,2.4137304238996014,
L1,W1,1,7,CENTER,FLAT,100,0.04,10.0,2.4985757634931605,2.4985757634931605,
L1,W2,29,13,CENTER,FLAT,100,0.04,10.0,2.5687247351932685,2.5687247351932685,
L1,W2,13,17,MIDDLE,FLAT,100,0.04,10.0,2.4980730869078296,2.4980730869078296,
L1,W2,8,10,MIDDLE,FLAT,100,0.04,10.0,2.5869824020965506,2.5869824020965506,
L1,W2,26,12,CENTER,FLAT,100,0.04,10.0,2.5058883760648536,2.5058883760648536,
L1,W2,22,8,EDGE,FLAT,100,0.04,10.0,2.4999668166237248,2.4999668166237248,
L1,W1,22,6,MIDDLE,FLAT,100,0.04,10.0,2.504870670647889,2.504870670647889,
L1,W6,8,19,MIDDLE,FLAT,100,0.04,10.0,2.539788900487212,2.539788900487212,
L1,W5,29,24,CENTER,FLAT,100,0.04,10.0,2.5076421171335026,2.5076421171335026,
L1,W2,13,8,MIDDLE,FLAT,100,0.04,10.0,2.4975220581224207,2.4975220581224207,
L1,W1,15,25,CENTER,FLAT,100,0.04,10.0,2.524225056035053,2.524225056035053,
L1,W5,22,17,EDGE,FLAT,100,0.04,10.0,2.408197144257711,2.408197144257711,
L1,W2,19,5,MIDDLE,FLAT,100,0.04,10.0,2.533104076729088,2.533104076729088,
L1,W2,5,10,EDGE,FLAT,100,0.04,10.0,2.4825124502789184,2.4825124502789184,
L1,W1,9,0,MIDDLE,FLAT,100,0.04,10.0,2.5296777347452784,2.5296777347452784,
L1,W1,10,1,MIDDLE,FLAT,100,0.04,10.0,2.5768482826958823,2.5768482826958823,
L1,W2,28,10,MIDDLE,FLAT,100,0.04,10.0,2.572467240061816,2.572467240061816,
L1,W2,21,13,EDGE,FLAT,100,0.04,10.0,2.431252765507544,2.431252765507544,
L1,W2,10,23,EDGE,FLAT,100,0.04,10.0,2.4686526159217093,2.4686526159217093,
L1,W2,22,4,MIDDLE,FLAT,100,0.04,10.0,2.4688199655370893,2.4688199655370893,
L1,W5,22,25,EDGE,FLAT,100,0.04,10.0,2.451167765805728,2.451167765805728,
L1,W6,11,7,CENTER,FLAT,100,0.04,10.0,2.500012527544057,2.500012527544057,
L1,W5,12,4,EDGE,FLAT,100,0.04,10.0,2.5310035154568027,2.5310035154568027,
L1,W6,26,20,CENTER,FLAT,100,0.04,10.0,2.548184907517148,2.548184907517148,
L1,W1,16,23,MIDDLE,FLAT,100,0.04,10.0,2.489098543594779,2.489098543594779,
L1,W4,4,18,EDGE,FLAT,100,0.04,10.0,2.509680928592819,2.509680928592819,
L1,W2,21,3,CENTER,FLAT,100,0.04,10.0,2.421469229510229,2.421469229510229,
L1,W1,17,3,MIDDLE,FLAT,100,0.04,10.0,2.3992948702567354,2.3992948702567354,
L1,W2,15,11,MIDDLE,FLAT,100,0.04,10.0,2.5397919327609886,2.5397919327609886,
L1,W2,21,13,MIDDLE,FLAT,100,0.04,10.0,2.5030234224058683,2.5030234224058683,
L1,W5,27,29,EDGE,FLAT,100,0.04,10.0,2.462522315013038,2.462522315013038,
L1,W5,9,8,EDGE,FLAT,100,0.04,10.0,2.383680194834073,2.383680194834073,
L1,W5,12,5,EDGE,FLAT,100,0.04,10.0,2.4488383144574817,2.4488383144574817,
L1,W2,5,28,MIDDLE,FLAT,100,0.04,10.0,2.600175470520067,2.600175470520067,
L1,W1,19,4,MIDDLE,FLAT,100,0.04,10.0,2.541209980989793,2.541209980989793,
L1,W2,12,0,MIDDLE,FLAT,100,0.04,10.0,2.508485327257141,2.508485327257141,
L1,W2,10,12,MIDDLE,FLAT,100,0.04,10.0,2.478047304494753,2.478047304494753,
L1,W6,20,12,CENTER,FLAT,100,0.04,10.0,2.51027135740653,2.51027135740653,
L1,W4,12,18,EDGE,FLAT,100,0.04,10.0,2.34354010554,2.34354010554,
L1,W1,13,26,EDGE,FLAT,100,0.04,10.0,2.4628820210460582,2.4628820210460582,
L1,W2,13,27,EDGE,FLAT,100,0.04,10.0,2.492274155424093,2.492274155424093,
L1,W4,7,8,MIDDLE,FLAT,100,0.04,10.0,2.4212190336414694,2.4212190336414694,
L1,W6,3,29,MIDDLE,FLAT,100,0.04,10.0,2.46692915538466,2.46692915538466,
L1,W5,24,18,MIDDLE,FLAT,100,0.04,10.0,2.442126768388329,2.442126768388329,
L1,W2,2,2,MIDDLE,FLAT,100,0.04,10.0,2.451732440259562,2.451732440259562,
L1,W4,9,28,MIDDLE,FLAT,100,0.04,10.0,2.502674081341095,2.502674081341095,
L1,W2,20,4,CENTER,FLAT,100,0.04,10.0,2.425779892250576,2.425779892250576,
L1,W5,3,17,CENTER,FLAT,100,0.04,10.0,2.560713521917853,2.560713521917853,
L1,W4,19,23,EDGE,FLAT,100,0.04,10.0,2.487692753496684,2.487692753496684,
L1,W4,21,7,MIDDLE,FLAT,100,0.04,10.0,2.4874448705981544,2.4874448705981544,
L1,W4,19,8,EDGE,FLAT,100,0.04,10.0,2.325964574500773,2.325964574500773,
L1,W4,9,14,CENTER,FLAT,100,0.04,10.0,2.48017906869988,2.48017906869988,
L1,W4,0,26,MIDDLE,FLAT,100,0.04,10.0,2.561645096705135,2.561645096705135,
L1,W2,26,6,MIDDLE,FLAT,100,0.04,10.0,2.3611002859635715,2.3611002859635715,
L1,W5,9,19,MIDDLE,FLAT,100,0.04,10.0,2.482623829390324,2.482623829390324,
L1,W6,24,13,CENTER,FLAT,100,0.04,10.0,2.470999961076637,2.470999961076637,
L1,W7,2,24,MIDDLE,COMB,100,0.04,10.0,2.5147802621657176,2.5147802621657176,
L1,W2,1,3,MIDDLE,COMB,100,0.04,10.0,2.370126665355507,2.370126665355507,
L1,W2,9,17,EDGE,COMB,100,0.04,10.0,2.335883675910449,2.335883675910449,
L1,W2,4,14,CENTER,COMB,100,0.04,10.0,2.5105145645543074,2.5105145645543074,
L1,W7,25,15,MIDDLE,COMB,100,0.04,10.0,2.4342561719051248,2.4342561719051248,
L1,W6,6,15,MIDDLE,COMB,100,0.04,10.0,2.535601263110996,2.5356012631109954,
L1,W2,8,0,MIDDLE,COMB,100,0.04,10.0,2.454241280505739,2.454241280505739,
L1,W7,29,15,CENTER,COMB,100,0.04,10.0,2.403273463214344,2.403273463214344,
L1,W6,24,28,MIDDLE,COMB,100,0.04,10.0,2.4065993041578,2.4065993041578,
L1,W2,6,13,MIDDLE,COMB,100,0.04,10.0,2.3325161990184715,2.3325161990184715,
L1,W2,11,8,MIDDLE,COMB,100,0.04,10.0,2.4582937231358546,2.4582937231358546,
L1,W6,15,29,CENTER,COMB,100,0.04,10.0,2.4905807936367808,2.4905807936367808,
L1,W6,19,2,MIDDLE,COMB,100,0.04,10.0,2.448776864510905,2.448776864510905,
L1,W2,28,14,MIDDLE,COMB,100,0.04,10.0,2.523943951951487,2.523943951951487,
L1,W7,26,15,MIDDLE,COMB,100,0.04,10.0,2.5299259918258348,2.5299259918258348,
L1,W2,29,14,CENTER,COMB,100,0.04,10.0,2.4914805788321943,2.4914805788321943,
L1,W7,1,27,CENTER,COMB,100,0.04,10.0,2.3932653166261573,2.393265316626157,
L1,W7,7,12,MIDDLE,COMB,100,0.04,10.0,2.500864079024613,2.500864079024613,
L1,W7,16,29,CENTER,COMB,100,0.04,10.0,2.5277680114254286,2.5277680114254286,
L1,W6,1,2,EDGE,COMB,100,0.04,10.0,2.435469578507848,2.435469578507848,
L1,W2,10,22,MIDDLE,COMB,100,0.04,10.0,2.519073987465406,2.519073987465406,
L1,W6,4,17,EDGE,COMB,100,0.04,10.0,2.361758595176948,2.361758595176948,
L1,W2,27,7,EDGE,COMB,100,0.04,10.0,2.520437769309257,2.520437769309257,
L1,W2,1,6,CENTER,COMB,100,0.04,10.0,2.4520286123429065,2.4520286123429065,
L1,W2,4,21,MIDDLE,COMB,100,0.04,10.0,1.5881650422020082,1.5881650422020082,edge_thinning
L1,W2,5,19,EDGE,COMB,100,0.04,10.0,2.3356326152793327,2.3356326152793327,
L1,W6,4,18,MIDDLE,COMB,100,0.04,10.0,2.423486765636498,2.423486765636498,
L1,W2,17,1,MIDDLE,COMB,100,0.04,10.0,2.545818432336267,2.545818432336267,
L1,W2,10,17,MIDDLE,COMB,100,0.04,10.0,2.456955008849958,2.456955008849958,
L1,W7,27,29,CENTER,COMB,100,0.04,10.0,2.54199613025664,2.54199613025664,
L1,W2,7,0,MIDDLE,COMB,100,0.04,10.0,2.481847769435962,2.481847769435962,
L1,W6,16,14,EDGE,COMB,100,0.04,10.0,2.414752092199992,2.414752092199992,
L1,W6,19,14,EDGE,COMB,100,0.04,10.0,2.488192516246635,2.488192516246635,
L1,W2,18,26,CENTER,COMB,100,0.04,10.0,2.488167058767405,2.488167058767405,
L1,W7,23,8,EDGE,COMB,100,0.04,10.0,2.330963094621827,2.330963094621827,
L1,W7,6,14,MIDDLE,COMB,100,0.04,10.0,2.4298379954024147,2.4298379954024147,
L1,W7,15,21,EDGE,COMB,100,0.04,10.0,2.447559586435085,2.447559586435085,
L1,W7,24,1,CENTER,COMB,100,0.04,10.0,2.519775455318125,2.519775455318125,
L1,W7,25,24,EDGE,COMB,100,0.04,10.0,2.3416470874882283,2.3416470874882283,
L1,W2,18,24,EDGE,COMB,100,0.04,10.0,2.38378287402959,2.38378287402959,
L1,W2,19,21,CENTER,COMB,100,0.04,10.0,2.4709139325398874,2.4709139325398874,
L1,W6,25,19,CENTER,COMB,100,0.04,10.0,2.4817265202942886,2.4817265202942886,
L1,W6,18,22,EDGE,COMB,100,0.04,10.0,2.3512043205699227,2.3512043205699227,
L1,W2,28,23,CENTER,COMB,100,0.04,10.0,2.468581444594026,2.468581444594026,
L1,W2,3,27,MIDDLE,COMB,100,0.04,10.0,2.433569475737024,2.433569475737024,
L1,W2,10,12,EDGE,COMB,100,0.04,10.0,2.4585766629880963,2.4585766629880963,
L1,W6,3,13,MIDDLE,COMB,100,0.04,10.0,2.5104560655495125,2.510456065549512,
L1,W6,2,19,MIDDLE,COMB,100,0.04,10.0,2.46270947709556,2.46270947709556,
L1,W7,14,5,MIDDLE,COMB,100,0.04,10.0,2.4503980102064635,2.4503980102064635,
L1,W2,6,25,CENTER,COMB,100,0.04,10.0,2.506996215601956,2.506996215601956,
L1,W6,12,23,EDGE,COMB,100,0.04,10.0,2.379171244627221,2.379171244627221,
L1,W2,13,18,MIDDLE,COMB,100,0.04,10.0,2.4126583958916283,2.4126583958916283,
L1,W2,18,9,CENTER,COMB,100,0.04,10.0,2.4529889395537143,2.4529889395537143,
L1,W6,28,10,MIDDLE,COMB,100,0.04,10.0,2.438259341801428,2.438259341801428,
L1,W7,25,13,EDGE,COMB,100,0.04,10.0,2.361826310010387,2.361826310010387,
L1,W6,11,19,CENTER,COMB,100,0.04,10.0,2.508102977953144,2.508102977953144,
L1,W6,9,23,EDGE,COMB,100,0.04,10.0,2.456485783689186,2.456485783689186,
L1,W6,23,20,EDGE,COMB,100,0.04,10.0,2.340645084960088,2.340645084960088,
L1,W7,3,27,EDGE,COMB,100,0.04,10.0,2.421256435560802,2.421256435560802,
L1,W7,16,28,EDGE,COMB,100,0.04,10.0,2.4090032102366834,2.4090032102366834,
L1,W7,12,21,EDGE,COMB,100,0.04,10.0,2.4370754342768404,2.4370754342768404,
L1,W7,5,11,EDGE,COMB,100,0.04,10.0,2.419353061594821,2.419353061594821,
L1,W2,18,17,CENTER,COMB,100,0.04,10.0,2.4273200360034184,2.427320036003419,
L1,W2,9,12,EDGE,COMB,100,0.04,10.0,2.356880535057142,2.356880535057142,
L1,W7,5,18,MIDDLE,COMB,100,0.04,10.0,2.471471178779249,2.471471178779249,
L1,W6,19,24,MIDDLE,COMB,100,0.04,10.0,2.521439045987276,2.521439045987276,
L1,W7,5,11,EDGE,COMB,100,0.04,10.0,2.3092906314478503,2.3092906314478503,
L1,W7,20,15,EDGE,COMB,100,0.04,10.0,2.4372863289900795,2.4372863289900795,
L1,W2,4,1,EDGE,COMB,100,0.04,10.0,2.4794811002643824,2.4794811002643824,
L1,W7,13,22,MIDDLE,COMB,100,0.04,10.0,2.4623487061896894,2.4623487061896894,
L1,W6,24,14,MIDDLE,COMB,100,0.04,10.0,2.4975101248013223,2.4975101248013223,
L1,W2,6,13,MIDDLE,COMB,100,0.04,10.0,2.4348465459551103,2.4348465459551103,
L1,W2,23,15,MIDDLE,COMB,100,0.04,10.0,2.4640316900361565,2.4640316900361565,
L1,W7,21,6,MIDDLE,COMB,100,0.04,10.0,2.3889543240845925,2.3889543240845925,
L1,W2,27,17,CENTER,COMB,100,0.04,10.0,2.3827828345790563,2.3827828345790567,
L1,W7,5,22,CENTER,COMB,100,0.04,10.0,2.547138290061264,2.547138290061264,
L1,W7,21,10,EDGE,COMB,100,0.04,10.0,2.370750253613778,2.370750253613778,
L1,W2,28,3,MIDDLE,COMB,100,0.04,10.0,2.447223607749829,2.447223607749829,
L1,W2,22,11,EDGE,COMB,100,0.04,10.0,2.35067788733649,2.35067788733649,
L1,W6,5,5,MIDDLE,COMB,100,0.04,10.0,2.3995015148458063,2.3995015148458063,
L1,W4,12,17,MIDDLE,FLAT,125,0.04,10.0,2.461919418741872,2.461919418741872,
L1,W2,20,22,EDGE,FLAT,125,0.04,10.0,2.395569302737342,2.395569302737342,
L1,W5,9,29,MIDDLE,FLAT,125,0.04,10.0,2.4284770833269023,2.4284770833269023,
L1,W1,28,0,EDGE,FLAT,125,0.04,10.0,2.439827201526,2.439827201526,
L1,W1,20,29,EDGE,FLAT,125,0.04,10.0,2.388208287809291,2.388208287809291,
L1,W1,19,3,CENTER,FLAT,125,0.04,10.0,1.6882989395793369,1.6882989395793369,edge_thinning
L1,W5,25,15,MIDDLE,FLAT,125,0.04,10.0,2.4552345014944064,2.4552345014944064,
L1,W5,26,10,MIDDLE,FLAT,125,0.04,10.0,2.534829334148543,2.534829334148543,
L1,W4,2,19,CENTER,FLAT,125,0.04,10.0,2.41298218959894,2.41298218959894,
L1,W2,26,21,MIDDLE,FLAT,125,0.04,10.0,2.488492844652768,2.488492844652768,
L1,W5,22,25,MIDDLE,FLAT,125,0.04,10.0,2.355341441938095,2.355341441938095,
L1,W1,6,12,EDGE,FLAT,125,0.04,10.0,2.4108636579114315,2.4108636579114315,
L1,W5,9,27,EDGE,FLAT,125,0.04,10.0,2.478754141380437,2.478754141380437,
L1,W5,22,9,EDGE,FLAT,125,0.04,10.0,2.4244334262233656,2.4244334262233656,
L1,W6,6,6,MIDDLE,FLAT,125,0.04,10.0,2.45853125392699,2.45853125392699,
L1,W4,13,11,MIDDLE,FLAT,125,0.04,10.0,2.4219775265598464,2.4219775265598464,
L1,W5,20,15,MIDDLE,FLAT,125,0.04,10.0,2.451552360024428,2.451552360024428,
L1,W4,19,20,CENTER,FLAT,125,0.04,10.0,2.467396859229832,2.467396859229832,
L1,W7,27,24,EDGE,FLAT,125,0.04,10.0,2.360701169603433,2.360701169603433,
L1,W5,3,6,MIDDLE,FLAT,125,0.04,10.0,2.435506219226257,2.435506219226257,
L1,W2,8,9,MIDDLE,FLAT,125,0.04,10.0,2.459919058031322,2.459919058031322,
L1,W5,29,28,EDGE,FLAT,125,0.04,10.0,2.3616391465734683,2.3616391465734683,
L1,W5,17,13,MIDDLE,FLAT,125,0.04,10.0,2.409685908965766,2.409685908965766,
L1,W1,7,7,CENTER,FLAT,125,0.04,10.0,2.411987828120392,2.411987828120392,
L1,W2,8,29,CENTER,FLAT,125,0.04,10.0,2.499536251304445,2.499536251304445,
L1,W5,10,13,MIDDLE,FLAT,125,0.04,10.0,2.477266163098353,2.477266163098353,
L1,W4,16,29,EDGE,FLAT,125,0.04,10.0,2.4115830222118264,2.4115830222118264,
L1,W6,8,27,MIDDLE,FLAT,125,0.04,10.0,2.4982585246364333,2.4982585246364333,
L1,W2,18,27,EDGE,FLAT,125,0.04,10.0,2.4043933818540366,2.4043933818540366,
L1,W5,13,17,EDGE,FLAT,125,0.04,10.0,2.4196005468682884,2.4196005468682884,
L1,W2,18,23,EDGE,FLAT,125,0.04,10.0,2.4151918712818783,2.4151918712818783,
L1,W5,4,28,MIDDLE,FLAT,125,0.04,10.0,2.44542299902909,2.44542299902909,
L1,W4,18,8,CENTER,FLAT,125,0.04,10.0,2.4534589085935177,2.4534589085935177,
L1,W2,27,1,EDGE,FLAT,125,0.04,10.0,2.510707630789596,2.510707630789596,
L1,W7,4,9,MIDDLE,FLAT,125,0.04,10.0,2.4274024510073247,2.4274024510073247,
L1,W7,9,19,MIDDLE,FLAT,125,0.04,10.0,2.4167061144439783,2.4167061144439783,
L1,W2,20,16,EDGE,FLAT,125,0.04,10.0,2.4217004911725057,2.4217004911725057,
L1,W5,18,2,CENTER,FLAT,125,0.04,10.0,2.4925927207647502,2.4925927207647502,
L1,W2,20,16,EDGE,FLAT,125,0.04,10.0,2.329760422619484,2.329760422619484,
L1,W5,16,5,EDGE,FLAT,125,0.04,10.0,2.456133912728187,2.456133912728187,
L1,W2,20,15,EDGE,FLAT,125,0.04,10.0,2.395290271232459,2.395290271232459,
L1,W5,18,17,MIDDLE,FLAT,125,0.04,10.0,2.3944534452392143,2.3944534452392143,
L1,W5,2,19,EDGE,FLAT,125,0.04,10.0,2.459439205717694,2.4594392057176946,
L1,W7,22,12,MIDDLE,FLAT,125,0.04,10.0,2.481283778579808,2.481283778579808,
L1,W4,13,12,EDGE,FLAT,125,0.04,10.0,2.3367729004026048,2.3367729004026048,
L1,W4,1,20,EDGE,FLAT,125,0.04,10.0,2.4888591420128865,2.4888591420128865,
L1,W7,12,22,EDGE,FLAT,125,0.04,10.0,2.43293986841831,2.43293986841831,
L1,W4,13,24,MIDDLE,FLAT,125,0.04,10.0,2.449490194218748,2.449490194218748,
L1,W1,2,10,CENTER,FLAT,125,0.04,10.0,2.559510940281089,2.559510940281089,
L1,W2,29,12,MIDDLE,FLAT,125,0.04,10.0,2.4579648891914823,2.4579648891914823,
L1,W1,6,9,MIDDLE,FLAT,125,0.04,10.0,2.4485958462447988,2.4485958462447988,
L1,W5,9,15,MIDDLE,FLAT,125,0.04,10.0,2.416984994198901,2.416984994198901,
L1,W6,13,3,MIDDLE,FLAT,125,0.04,10.0,2.479092521965354,2.479092521965354,
L1,W1,24,12,MIDDLE,FLAT,125,0.04,10.0,2.4738301483662,2.4738301483662,
L1,W1,22,5,EDGE,FLAT,125,0.04,10.0,2.400734006994486,2.400734006994486,
L1,W5,23,15,EDGE,FLAT,125,0.04,10.0,2.36050068230662,2.36050068230662,
L1,W5,7,25,MIDDLE,FLAT,125,0.04,10.0,2.456496492708304,2.456496492708304,
L1,W1,25,29,EDGE,FLAT,125,0.04,10.0,2.396510060711893,2.396510060711893,
L1,W7,24,13,MIDDLE,FLAT,125,0.04,10.0,2.38332628406329,2.38332628406329,
L1,W1,13,1,MIDDLE,FLAT,125,0.04,10.0,2.376409382433791,2.376409382433791,
L1,W4,16,6,CENTER,FLAT,125,0.04,10.0,2.5082576689404883,2.5082576689404883,
L1,W1,1,3,EDGE,FLAT,125,0.04,10.0,2.269905584247416,2.269905584247416,
L1,W7,22,22,EDGE,FLAT,125,0.04,10.0,2.4102705263480635,2.4102705263480635,
L1,W5,28,29,EDGE,FLAT,125,0.04,10.0,2.376095847112309,2.376095847112309,
L1,W7,14,16,EDGE,FLAT,125,0.04,10.0,2.465412330343996,2.465412330343996,
L1,W5,16,5,EDGE,FLAT,125,0.04,10.0,2.3753265895423064,2.3753265895423064,
L1,W5,14,0,MIDDLE,FLAT,125,0.04,10.0,2.482974210712595,2.482974210712595,
L1,W7,2,29,MIDDLE,FLAT,125,0.04,10.0,2.4301543079381105,2.4301543079381105,
L1,W5,18,9,MIDDLE,FLAT,125,0.04,10.0,2.455687407674308,2.455687407674308,
L1,W5,21,3,EDGE,FLAT,125,0.04,10.0,2.436841826546003,2.436841826546003,
L1,W6,27,5,CENTER,FLAT,125,0.04,10.0,2.456872214183771,2.456872214183771,
L1,W2,27,7,MIDDLE,FLAT,125,0.04,10.0,2.4998277442249206,2.4998277442249206,
L1,W2,14,19,EDGE,FLAT,125,0.04,10.0,2.3503151061446763,2.3503151061446763,
L1,W4,28,26,MIDDLE,FLAT,125,0.04,10.0,2.464729642127919,2.464729642127919,
L1,W7,15,8,EDGE,FLAT,125,0.04,10.0,2.446131986139393,2.446131986139393,
L1,W4,19,20,MIDDLE,FLAT,125,0.04,10.0,2.483001874589517,2.483001874589517,
L1,W6,18,1,EDGE,FLAT,125,0.04,10.0,2.4958222438367708,2.4958222438367708,
L1,W2,29,0,EDGE,FLAT,125,0.04,10.0,2.361828034134468,2.361828034134468,
L1,W5,22,1,MIDDLE,FLAT,125,0.04,10.0,2.3810425374325708,2.3810425374325708,
L1,W6,3,27,EDGE,FLAT,125,0.04,10.0,2.350283244575244,2.350283244575244,
L1,W5,2,17,MIDDLE,FLAT,125,0.04,10.0,2.483022128327422,2.483022128327422,
L1,W7,12,24,MIDDLE,FLAT,125,0.04,10.0,2.474896146713469,2.474896146713469,
L1,W5,15,0,MIDDLE,FLAT,125,0.04,10.0,2.455112832982371,2.455112832982371,
L1,W1,20,0,EDGE,FLAT,125,0.04,10.0,2.343852147544644,2.343852147544644,
L1,W2,14,25,CENTER,FLAT,125,0.04,10.0,2.518343364666453,2.518343364666453,
L1,W5,15,3,MIDDLE,FLAT,125,0.04,10.0,2.388764761117473,2.388764761117473,
L1,W7,27,4,EDGE,FLAT,125,0.04,10.0,2.4579474791188454,2.4579474791188454,
L1,W4,10,15,MIDDLE,FLAT,125,0.04,10.0,2.592871921156993,2.592871921156993,
L1,W5,14,18,MIDDLE,FLAT,125,0.04,10.0,2.4683225573285776,2.4683225573285776,
L1,W2,16,6,CENTER,FLAT,125,0.04,10.0,2.509155406782887,2.509155406782887,
L1,W2,14,13,MIDDLE,FLAT,125,0.04,10.0,2.425357011555222,2.425357011555222,
L1,W1,29,20,EDGE,FLAT,125,0.04,10.0,2.30948933394566,2.30948933394566,
L1,W6,28,13,CENTER,FLAT,125,0.04,10.0,2.449864031848489,2.449864031848489,
L1,W5,15,11,MIDDLE,FLAT,125,0.04,10.0,2.3953552379450627,2.3953552379450627,
L1,W7,13,2,EDGE,FLAT,125,0.04,10.0,2.327649771179249,2.327649771179249,
L1,W7,17,13,CENTER,FLAT,125,0.04,10.0,2.5661179970997825,2.5661179970997825,
L1,W5,5,24,EDGE,FLAT,125,0.04,10.0,2.413643125901289,2.4136431259012885,
L1,W1,12,18,MIDDLE,FLAT,125,0.04,10.0,2.4689843790307,2.4689843790307,
L1,W1,6,26,EDGE,FLAT,125,0.04,10.0,2.384548881740188,2.384548881740188,
L1,W5,4,3,EDGE,FLAT,125,0.04,10.0,2.3913564458778285,2.3913564458778285,
L1,W2,2,0,EDGE,FLAT,125,0.04,10.0,2.448227534111968,2.448227534111968,
L1,W4,17,16,MIDDLE,FLAT,125,0.04,10.0,2.4483831440652395,2.4483831440652395,
L1,W5,0,5,MIDDLE,FLAT,125,0.04,10.0,2.4765346969012367,2.4765346969012367,
L1,W4,19,17,EDGE,FLAT,125,0.04,10.0,2.390199785107749,2.390199785107749,
L1,W1,12,27,MIDDLE,FLAT,125,0.04,10.0,2.4328923554633977,2.4328923554633977,
L1,W1,10,10,MIDDLE,FLAT,125,0.04,10.0,2.379654291719908,2.379654291719908,
L1,W2,23,16,CENTER,FLAT,125,0.04,10.0,2.3811125468816434,2.3811125468816434,
L1,W5,16,20,EDGE,FLAT,125,0.04,10.0,2.3869219049466803,2.3869219049466803,
L1,W5,22,4,EDGE,FLAT,125,0.04,10.0,2.402824834599662,2.402824834599662,
L1,W5,21,26,MIDDLE,FLAT,125,0.04,10.0,2.385693498164561,2.385693498164561,
L1,W4,0,6,EDGE,FLAT,125,0.04,10.0,2.3982762567482685,2.398276256748268,
L1,W1,6,24,MIDDLE,FLAT,125,0.04,10.0,2.4526876281495253,2.4526876281495253,
L1,W1,17,19,MIDDLE,FLAT,125,0.04,10.0,2.342199599697031,2.342199599697031,
L1,W2,29,4,MIDDLE,FLAT,125,0.04,10.0,2.404243767026025,2.404243767026025,
L1,W6,4,21,MIDDLE,FLAT,125,0.04,10.0,2.4703631946867737,2.4703631946867737,
L1,W6,3,5,MIDDLE,FLAT,125,0.04,10.0,2.469352936469788,2.469352936469788,
L1,W4,28,17,EDGE,FLAT,125,0.04,10.0,2.3423162541800124,2.3423162541800124,
L1,W6,29,28,EDGE,FLAT,125,0.04,10.0,2.4079224025249872,2.4079224025249872,
L1,W5,5,28,MIDDLE,FLAT,125,0.04,10.0,2.501120361268024,2.501120361268024,
L1,W7,12,26,MIDDLE,FLAT,125,0.04,10.0,2.488853647949545,2.488853647949545,
L1,W7,18,14,CENTER,FLAT,125,0.04,10.0,2.475235710649303,2.475235710649303,
L1,W4,5,16,EDGE,FLAT,125,0.04,10.0,2.376601184333785,2.376601184333785,
L1,W5,9,9,EDGE,FLAT,125,0.04,10.0,2.368532775783275,2.368532775783275,
L1,W5,11,27,EDGE,FLAT,125,0.04,10.0,2.4233909891454832,2.4233909891454832,
L1,W6,19,14,MIDDLE,FLAT,125,0.04,10.0,2.4597551986571444,2.4597551986571444,
L1,W4,9,23,CENTER,FLAT,125,0.04,10.0,2.51147020030511,2.51147020030511,
L1,W7,12,10,MIDDLE,FLAT,125,0.04,10.0,2.456593690656058,2.456593690656058,
L1,W7,8,22,CENTER,FLAT,125,0.04,10.0,2.520938197517372,2.520938197517372,
L1,W5,22,6,CENTER,FLAT,125,0.04,10.0,2.484729626647885,2.484729626647885,
L1,W6,4,22,CENTER,FLAT,125,0.04,10.0,2.519234435806584,2.519234435806584,
L1,W7,6,1,EDGE,FLAT,125,0.04,10.0,2.443541138518332,2.443541138518332,
L1,W4,7,3,CENTER,FLAT,125,0.04,10.0,2.439773668488759,2.43977366848876,
L1,W5,27,10,CENTER,FLAT,125,0.04,10.0,2.3895927976564626,2.3895927976564626,
L1,W7,28,14,EDGE,FLAT,125,0.04,10.0,2.477174642800728,2.477174642800728,
L1,W2,15,21,MIDDLE,FLAT,125,0.04,10.0,2.462832936535613,2.462832936535613,
L1,W5,4,10,EDGE,FLAT,125,0.04,10.0,2.314275705225194,2.314275705225194,
L1,W1,22,0,MIDDLE,FLAT,125,0.04,10.0,2.4143090251390644,2.4143090251390644,
L1,W5,14,9,EDGE,FLAT,125,0.04,10.0,2.438593714618492,2.438593714618492,
L1,W4,25,13,MIDDLE,FLAT,125,0.04,10.0,2.436016158443356,2.436016158443356,
L1,W6,10,16,MIDDLE,FLAT,125,0.04,10.0,2.424396929034044,2.4243969290340432,
L1,W2,29,19,EDGE,FLAT,125,0.04,10.0,2.4700440930156486,2.4700440930156486,
L1,W1,24,7,MIDDLE,FLAT,125,0.04,10.0,2.3976356426808096,2.3976356426808096,
L1,W5,6,18,MIDDLE,FLAT,125,0.04,10.0,2.4100923321122583,2.4100923321122583,
L1,W5,21,18,MIDDLE,FLAT,125,0.04,10.0,2.4605693237524138,2.4605693237524138,
L1,W4,8,23,CENTER,FLAT,125,0.04,10.0,2.499522746602694,2.499522746602694,
L1,W5,10,15,EDGE,FLAT,125,0.04,10.0,2.424817151717037,2.424817151717037,
L1,W5,7,24,MIDDLE,FLAT,125,0.04,10.0,2.4955619022284474,2.4955619022284474,
L1,W5,20,6,CENTER,FLAT,125,0.04,10.0,2.489928931034076,2.489928931034076,
L1,W1,7,21,MIDDLE,FLAT,125,0.04,10.0,2.4744691969469206,2.4744691969469206,
L1,W4,19,1,EDGE,FLAT,125,0.04,10.0,2.387039537034246,2.387039537034246,
L1,W1,20,14,EDGE,COMB,125,0.04,10.0,2.3555857270936347,2.3555857270936347,
L1,W1,7,26,MIDDLE,COMB,125,0.04,10.0,2.440249115946234,2.440249115946234,
L1,W1,9,21,MIDDLE,COMB,125,0.04,10.0,2.5317193123098845,2.5317193123098845,
L1,W1,18,22,MIDDLE,COMB,125,0.04,10.0,2.406480152895228,2.406480152895228,
L1,W1,9,2,MIDDLE,COMB,125,0.04,10.0,2.440973244642662,2.440973244642662,
L1,W7,11,5,MIDDLE,COMB,125,0.04,10.0,2.482888947543473,2.482888947543473,
L1,W7,7,8,MIDDLE,COMB,125,0.04,10.0,2.4770126640472143,2.477012664047214,
L1,W7,10,8,CENTER,COMB,125,0.04,10.0,2.4505858208859683,2.4505858208859683,
L1,W2,20,5,MIDDLE,COMB,125,0.04,10.0,2.300830564852132,2.300830564852132,
L1,W7,16,29,MIDDLE,COMB,125,0.04,10.0,2.445835140932424,2.445835140932424,
L1,W1,29,4,MIDDLE,COMB,125,0.04,10.0,2.309026287068848,2.309026287068848,
L1,W1,23,21,EDGE,COMB,125,0.04,10.0,2.4434968615470622,2.4434968615470622,
L1,W1,0,17,MIDDLE,COMB,125,0.04,10.0,1.4926190879285677,1.4926190879285677,pinhole
L1,W2,11,18,EDGE,COMB,125,0.04,10.0,2.4199837009936,2.4199837009936,
L1,W1,8,6,EDGE,COMB,125,0.04,10.0,2.324894443090948,2.3248944430909484,
L1,W1,17,9,EDGE,COMB,125,0.04,10.0,2.292374626334998,2.292374626334998,
L1,W2,7,18,EDGE,COMB,125,0.04,10.0,2.383037719207059,2.383037719207059,
L1,W7,28,8,CENTER,COMB,125,0.04,10.0,2.448319828002193,2.448319828002193,
L1,W1,8,20,MIDDLE,COMB,125,0.04,10.0,2.395422958692142,2.395422958692142,
L1,W2,15,1,CENTER,COMB,125,0.04,10.0,2.4542330640366385,2.4542330640366385,
L1,W1,3,2,EDGE,COMB,125,0.04,10.0,2.5083717946016137,2.5083717946016137,
L1,W2,27,21,MIDDLE,COMB,125,0.04,10.0,2.461726277368453,2.461726277368453,
L1,W2,27,18,MIDDLE,COMB,125,0.04,10.0,2.472474930293166,2.472474930293166,
L1,W1,23,1,EDGE,COMB,125,0.04,10.0,2.4121968445776685,2.4121968445776685,
L1,W7,10,26,CENTER,COMB,125,0.04,10.0,2.5239731071926097,2.5239731071926097,
L1,W7,1,0,MIDDLE,COMB,125,0.04,10.0,2.410496416354963,2.410496416354963,
L1,W2,21,28,EDGE,COMB,125,0.04,10.0,2.267261934616236,2.267261934616236,
L1,W1,12,21,CENTER,COMB,125,0.04,10.0,2.4405706933497,2.4405706933497,
L1,W1,29,29,MIDDLE,COMB,125,0.04,10.0,2.4605867854998253,2.4605867854998253,
L1,W1,20,28,EDGE,COMB,125,0.04,10.0,2.321509980244247,2.321509980244247,
L1,W2,16,9,CENTER,COMB,125,0.04,10.0,2.4411817024755336,2.4411817024755336,
L1,W1,29,22,MIDDLE,COMB,125,0.04,10.0,2.3854115128498847,2.3854115128498847,
L1,W7,24,6,MIDDLE,COMB,125,0.04,10.0,2.495101462592157,2.495101462592157,
L1,W2,13,14,MIDDLE,COMB,125,0.04,10.0,2.4574728507703285,2.4574728507703285,
L1,W2,0,7,CENTER,COMB,125,0.04,10.0,2.482577031032198,2.482577031032198,
L1,W1,2,14,EDGE,COMB,125,0.04,10.0,2.401080065656049,2.401080065656049,
L1,W1,13,26,EDGE,COMB,125,0.04,10.0,2.368137537372394,2.368137537372394,
L1,W2,16,13,CENTER,COMB,125,0.04,10.0,2.459877814126376,2.459877814126376,
L1,W1,0,2,MIDDLE,COMB,125,0.04,10.0,2.3607407709733845,2.3607407709733845,
L1,W1,3,9,MIDDLE,COMB,125,0.04,10.0,2.310677901062472,2.310677901062472,
L1,W2,21,23,EDGE,COMB,125,0.04,10.0,2.377504056517252,2.377504056517252,
L1,W2,22,15,MIDDLE,COMB,125,0.04,10.0,2.436199512813608,2.436199512813608,
L1,W2,0,16,CENTER,COMB,125,0.04,10.0,2.510463228421269,2.510463228421269,
L1,W2,15,12,CENTER,COMB,125,0.04,10.0,2.5285667908041187,2.5285667908041187,
L1,W1,2,8,EDGE,COMB,125,0.04,10.0,2.448499924249948,2.448499924249948,
L1,W1,21,17,MIDDLE,COMB,125,0.04,10.0,2.3700988203353064,2.3700988203353064,
L1,W1,25,18,EDGE,COMB,125,0.04,10.0,2.352386748252512,2.352386748252512,
L1,W1,26,26,MIDDLE,COMB,125,0.04,10.0,2.444016714794069,2.444016714794069,
L1,W2,17,18,EDGE,COMB,125,0.04,10.0,2.4965952338871094,2.4965952338871094,
L1,W1,18,29,CENTER,COMB,125,0.04,10.0,2.524004960185696,2.524004960185696,
L1,W7,27,24,CENTER,COMB,125,0.04,10.0,2.505969858099919,2.505969858099919,
L1,W2,18,2,EDGE,COMB,125,0.04,10.0,2.350610602222536,2.350610602222536,
L1,W2,13,11,EDGE,COMB,125,0.04,10.0,2.3258400184422445,2.3258400184422445,
L1,W1,22,11,MIDDLE,COMB,125,0.04,10.0,2.4594453941691623,2.4594453941691623,
L1,W7,17,0,MIDDLE,COMB,125,0.04,10.0,2.3649669367882824,2.3649669367882824,
L1,W7,25,5,MIDDLE,COMB,125,0.04,10.0,2.408078182450985,2.408078182450985,
L1,W2,15,22,MIDDLE,COMB,125,0.04,10.0,2.4142611025499043,2.4142611025499043,
L1,W7,26,10,CENTER,COMB,125,0.04,10.0,2.5296456044561406,2.5296456044561406,
L1,W1,1,4,EDGE,COMB,125,0.04,10.0,2.3522651348520167,2.3522651348520167,
L1,W2,1,8,MIDDLE,COMB,125,0.04,10.0,2.2980375180713697,2.2980375180713697,
L1,W2,2,8,EDGE,COMB,125,0.04,10.0,2.395222232383124,2.395222232383124,
L1,W7,16,5,CENTER,COMB,125,0.04,10.0,2.415048907344804,2.415048907344804,
L1,W1,21,3,CENTER,COMB,125,0.04,10.0,2.452131551221888,2.452131551221888,
L1,W7,6,22,MIDDLE,COMB,125,0.04,10.0,2.4156647649578944,2.4156647649578944,
L1,W2,4,24,MIDDLE,COMB,125,0.04,10.0,2.406314800209112,2.406314800209112,
L1,W2,25,14,MIDDLE,COMB,125,0.04,10.0,2.4595170290892354,2.4595170290892354,
L1,W7,22,18,CENTER,COMB,125,0.04,10.0,2.373356756082365,2.373356756082365,
L1,W1,19,27,EDGE,COMB,125,0.04,10.0,2.3441492887522823,2.3441492887522823,
L1,W7,14,25,EDGE,COMB,125,0.04,10.0,2.404201895655869,2.404201895655869,
L1,W2,12,0,EDGE,COMB,125,0.04,10.0,2.339295761232782,2.339295761232782,
L1,W2,0,28,CENTER,COMB,125,0.04,10.0,2.3695596645365016,2.3695596645365016,
L1,W1,5,2,MIDDLE,COMB,125,0.04,10.0,2.4534277671628373,2.4534277671628373,
L1,W1,26,0,MIDDLE,COMB,125,0.04,10.0,2.4761547315220773,2.4761547315220773,
L1,W7,10,12,MIDDLE,COMB,125,0.04,10.0,2.41775023961785,2.41775023961785,
L1,W1,21,22,MIDDLE,COMB,125,0.04,10.0,2.321957720076524,2.321957720076524,
L1,W2,21,2,CENTER,COMB,125,0.04,10.0,2.485298487334941,2.485298487334941,
L1,W1,9,8,MIDDLE,COMB,125,0.04,10.0,2.337005605929016,2.337005605929016,
L1,W2,6,7,MIDDLE,COMB,125,0.04,10.0,2.4354399638424087,2.4354399638424087,
L1,W2,20,11,MIDDLE,COMB,125,0.04,10.0,2.375626808762892,2.375626808762892,
L1,W2,2,29,CENTER,COMB,125,0.04,10.0,2.392008035711652,2.392008035711652,
